scenario,feature,importance_mean,importance_std
no_lipid,BMI_final,0.06096690206056095,0.0646597162775406
no_lipid,SBP_1T,0.05793903888476058,0.0757481266716417
no_lipid,Age,0.0010124635992403278,0.06807823809073169
no_lipid,DBP_1T,-0.003030065342217356,0.024435048749447835
no_lipid,Glycemia,-0.019803241618194606,0.037622523863618286
no_lipid,Weight,-0.04047434581419782,0.07997909611937805
no_lipid,Height,-0.08393464096640865,0.055123713073942635
