{
  "0": {
    "precision": 0.8095238095238095,
    "recall": 0.7391304347826086,
    "f1-score": 0.7727272727272727,
    "support": 23.0
  },
  "1": {
    "precision": 0.45454545454545453,
    "recall": 0.5555555555555556,
    "f1-score": 0.5,
    "support": 9.0
  },
  "accuracy": 0.6875,
  "macro avg": {
    "precision": 0.6320346320346321,
    "recall": 0.6473429951690821,
    "f1-score": 0.6363636363636364,
    "support": 32.0
  },
  "weighted avg": {
    "precision": 0.7096861471861472,
    "recall": 0.6875,
    "f1-score": 0.6960227272727273,
    "support": 32.0
  }
}