dataset,feature,missing_pct,variance
imputed,TG_1T,0.0,1936.6951725628928
imputed,TC_1T,0.0,845.0249999999999
imputed,LDL_1T,0.0,698.04149331761
imputed,HDL_1T,0.0,176.4955341981132
imputed,Weight,0.0,153.45426257861635
imputed,SBP_1T,0.0,100.71053459119499
imputed,DBP_1T,0.0,80.28364779874214
imputed,Glycemia,0.0,79.98212224842767
imputed,Height,0.0,44.348073899371066
imputed,Age,0.0,34.584748427672956
imputed,BMI_final,0.0,22.25887705265625
