feature_a,feature_b,corr_abs
LDL_1T,TC_1T,0.8902821297687585
BMI_final,Weight,0.8770514643267608
DBP_1T,SBP_1T,0.5211681483703124
