feature_a,feature_b,corr_abs
LDL_1T,TC_1T,0.8847227381629886
BMI_final,Weight,0.871035055560867
DBP_1T,SBP_1T,0.5355289144613642
