component,explained_variance_ratio
PC1,0.22512961080574076
PC2,0.19036012856181814
