component,explained_variance_ratio
PC1,0.25379904403585773
PC2,0.1800851476459254
