{
  "0": {
    "precision": 0.7777777777777778,
    "recall": 1.0,
    "f1-score": 0.875,
    "support": 21.0
  },
  "1": {
    "precision": 1.0,
    "recall": 0.3333333333333333,
    "f1-score": 0.5,
    "support": 9.0
  },
  "accuracy": 0.8,
  "macro avg": {
    "precision": 0.8888888888888888,
    "recall": 0.6666666666666666,
    "f1-score": 0.6875,
    "support": 30.0
  },
  "weighted avg": {
    "precision": 0.8444444444444444,
    "recall": 0.8,
    "f1-score": 0.7625,
    "support": 30.0
  }
}